Workbook
Name ДатыОтчета: _xlfn.ANCHORARRAY('Данные диаграмм'!$A$2)
Name ДиалогиОтчета: _xlfn.ANCHORARRAY('Данные диаграмм'!$B$2)
Name НазначеноОтчета: _xlfn.ANCHORARRAY('Данные диаграмм'!$C$2)
Name ПланДиалогов: _xlfn.ANCHORARRAY('Данные диаграмм'!$E$2)
Name ПланНазначенных: _xlfn.ANCHORARRAY('Данные диаграмм'!$F$2)
Name ПланПроведенных: _xlfn.ANCHORARRAY('Данные диаграмм'!$G$2)
Name ПроведеноОтчета: _xlfn.ANCHORARRAY('Данные диаграмм'!$D$2)

Sheet Оценочкая загрузка,%
A3: Среднее по полю Оценочная загрузка, % | B3: Названия столбцов
A4: Названия строк | B4: Менеджер 1 | C4: Менеджер 2 | D4: Менеджер 3
A5: 46283 | B5: 0.14166667
A6: 46286 | B6: 0.34375 | C6: 0.35
A7: 46287 | B7: 0.35833333 | C7: 0.36666667
A8: 46288 | B8: 0.3 | C8: 0.22916667 | D8: 0.29166667
A9: 46289 | B9: 0.25625 | C9: 0.17916667 | D9: 0.12291667
A10: 46290 | B10: 0.25 | C10: 0.32291667 | D10: 0.36458333

Sheet Отчет руководителя
A1: Отчет о загрузке менеджеров
A2: ="Период: "&TEXT(Сводка!E9,"ДД.ММ.ГГГГ")&" — "&TEXT(Сводка!E10,"ДД.ММ.ГГГГ") -> Период: 25.09.2026 — 25.09.2026
A4: Показатель | B4: ФАКТ | C4: План | D4: Выполнение плана,% | E4: Менеджер | F4: ="Оценочная загрузка за "&TEXT(Сводка!$E$9,"ДД.ММ.ГГГГ")&" — "&TEXT(Сводка!$E$10,"ДД.ММ.ГГГГ")&", %" -> Оценочная загрузка за 25.09.2026 — 25.09.2026, %
A5: Новые лиды | B5: =SUMIFS('Лиды компании'!$B$2:$B$10000,'Лиды компании'!$A$2:$A$10000,">="&Сводка!$E$9,'Лиды компании'!$A$2:$A$10000,"<"&(Сводка!$E$10+1)) -> 15 | E5: Менеджер 1 | F5: =Сводка!I3 -> 0.25
A6: Кол-во наборов | B6: =Сводка!G19 -> 60 | C6: =Сводка!C19 -> 180 | D6: =Сводка!K19 -> 0.33333333 | E6: Менеджер 2 | F6: =Сводка!I4 -> 0.32291667
A7: Диалоги от 30 сек | B7: =Сводка!H19 -> 45 | C7: =Сводка!D19 -> 90 | D7: =Сводка!L19 -> 0.5 | E7: Менеджер 3 | F7: =Сводка!I5 -> 0.36458333
A8: Назначенные встречи | B8: =Сводка!I19 -> 7 | C8: =Сводка!E19 -> 9 | D8: =Сводка!M19 -> 0.77777778 | E8: *Менеджер 3 после больничного
A9: Проведенные встречи | B9: =Сводка!J19 -> 3 | C9: =Сводка!F19 -> 3 | D9: =Сводка!N19 -> 1
A10: Конверсия набора в диалог, % | B10: =IFERROR(B7/B6,0) -> 0.75
A11: Конверсия диалога во встречу, % | B11: =IFERROR(B8/B7,0) -> 0.15555556
A12: Конверсия набора во встречу, % | B12: =IFERROR(B8/B6,0) -> 0.11666667
A32: Менеджер | B32: Наборы | C32: Диалоги | D32: Рабочих дней | E32: Назначенные встречи | F32: Проведенные встречи | G32: Конверсия набора в диалог, % | H32: Конверсия диалога во встречу, % | I32: Назначено встреч на 100 наборов | J32: План наборов | K32: План диалогов | L32: План назначаенных встре | M32: План проведенных | N32: Наборы, Выполнение, % | O32: Диалоги, Выполнение, % | P32: Назначенные, Выполнение, % | Q32: Проведенные, Выполнение, %
A33: =Сводка!A16 -> Менеджер 1 | B33: =Сводка!G16 -> 10 | C33: =Сводка!H16 -> 5 | D33: =Сводка!B16 -> 1 | E33: =Сводка!I16 -> 2 | F33: =Сводка!J16 -> 1 | G33: =IF(B33=0,"",C33/B33) -> 0.5 | H33: =IF(C33=0,"",E33/C33) -> 0.4 | I33: =IF(B33=0,"",E33/B33*100) -> 20 | J33: =Сводка!C16 -> 60 | K33: =Сводка!D16 -> 30 | L33: =Сводка!E16 -> 3 | M33: =Сводка!F16 -> 1 | N33: =Сводка!K16 -> 0.16666667 | O33: =Сводка!L16 -> 0.16666667 | P33: =Сводка!M16 -> 0.66666667 | Q33: =Сводка!N16 -> 1
A34: =Сводка!A17 -> Менеджер 2 | B34: =Сводка!G17 -> 20 | C34: =Сводка!H17 -> 15 | D34: =Сводка!B17 -> 1 | E34: =Сводка!I17 -> 3 | F34: =Сводка!J17 -> 1 | G34: =IF(B34=0,"",C34/B34) -> 0.75 | H34: =IF(C34=0,"",E34/C34) -> 0.2 | I34: =IF(B34=0,"",E34/B34*100) -> 15 | J34: =Сводка!C17 -> 60 | K34: =Сводка!D17 -> 30 | L34: =Сводка!E17 -> 3 | M34: =Сводка!F17 -> 1 | N34: =Сводка!K17 -> 0.33333333 | O34: =Сводка!L17 -> 0.5 | P34: =Сводка!M17 -> 1 | Q34: =Сводка!N17 -> 1
A35: =Сводка!A18 -> Менеджер 3 | B35: =Сводка!G18 -> 30 | C35: =Сводка!H18 -> 25 | D35: =Сводка!B18 -> 1 | E35: =Сводка!I18 -> 2 | F35: =Сводка!J18 -> 1 | G35: =IF(B35=0,"",C35/B35) -> 0.83333333 | H35: =IF(C35=0,"",E35/C35) -> 0.08 | I35: =IF(B35=0,"",E35/B35*100) -> 6.6666667 | J35: =Сводка!C18 -> 60 | K35: =Сводка!D18 -> 30 | L35: =Сводка!E18 -> 3 | M35: =Сводка!F18 -> 1 | N35: =Сводка!K18 -> 0.5 | O35: =Сводка!L18 -> 0.83333333 | P35: =Сводка!M18 -> 0.66666667 | Q35: =Сводка!N18 -> 1

Sheet Исходники
A1: Дата | B1: Менеджер | C1: Новые лиды компании | D1: Кол-во наборов | E1: Кол-во диалогов от 30 сек | F1: Кол-во назначанных встреч | G1: Кол-во проведенных встреч | H1: Конверсия набора в диалог, % | I1: Конверсия диалога во встречу, % | J1: Назначено встерч на 100 наборов | K1: Комментарий | L1: Отработано часов | M1: Входящие, мин | N1: Исходящие, мин | O1: Планерки, мин | P1: Оценочная загрузка, %
A2: 46283 | B2: Менеджер 1 | C2: =SUMIF('Лиды компании'!$A$2:$A$10000,A2,'Лиды компании'!$B$2:$B$10000) -> 33 | D2: 21 | E2: 3 | F2: 1 | G2: 0 | H2: =IF(OR(D2="",D2=0),"",E2/D2) -> 0.14285714 | I2: =IF(OR(E2="",E2=0),"",F2/E2) -> 0.33333333 | J2: =IF(OR(D2="",D2=0),"",F2/D2*100) -> 4.7619048 | L2: 8 | M2: 1 | N2: 7 | O2: 60 | P2: =IF(L2=0,"",(M2+N2+O2+G2*60)/(L2*60)) -> 0.14166667
A3: 46286 | B3: Менеджер 1 | C3: =SUMIF('Лиды компании'!$A$2:$A$10000,A3,'Лиды компании'!$B$2:$B$10000) -> 36 | D3: 38 | E3: 11 | F3: 3 | G3: 1 | H3: =IF(OR(D3="",D3=0),"",E3/D3) -> 0.28947368 | I3: =IF(OR(E3="",E3=0),"",F3/E3) -> 0.27272727 | J3: =IF(OR(D3="",D3=0),"",F3/D3*100) -> 7.8947368 | L3: 8 | M3: 0 | N3: 45 | O3: 60 | P3: =IF(L3=0,"",(M3+N3+O3+G3*60)/(L3*60)) -> 0.34375
A4: 46287 | B4: Менеджер 1 | C4: =SUMIF('Лиды компании'!$A$2:$A$10000,A4,'Лиды компании'!$B$2:$B$10000) -> 32 | D4: 52 | E4: 7 | F4: 1 | G4: 1 | H4: =IF(OR(D4="",D4=0),"",E4/D4) -> 0.13461538 | I4: =IF(OR(E4="",E4=0),"",F4/E4) -> 0.14285714 | J4: =IF(OR(D4="",D4=0),"",F4/D4*100) -> 1.9230769 | L4: 8 | M4: 1 | N4: 51 | O4: 60 | P4: =IF(L4=0,"",(M4+N4+O4+G4*60)/(L4*60)) -> 0.35833333
A5: 46288 | B5: Менеджер 1 | C5: =SUMIF('Лиды компании'!$A$2:$A$10000,A5,'Лиды компании'!$B$2:$B$10000) -> 42 | D5: 38 | E5: 7 | F5: 1 | G5: 1 | H5: =IF(OR(D5="",D5=0),"",E5/D5) -> 0.18421053 | I5: =IF(OR(E5="",E5=0),"",F5/E5) -> 0.14285714 | J5: =IF(OR(D5="",D5=0),"",F5/D5*100) -> 2.6315789 | L5: 8 | M5: 0 | N5: 24 | O5: 60 | P5: =IF(L5=0,"",(M5+N5+O5+G5*60)/(L5*60)) -> 0.3
A6: 46283 | B6: Менеджер 2 | C6: =SUMIF('Лиды компании'!$A$2:$A$10000,A6,'Лиды компании'!$B$2:$B$10000) -> 33 | F6: 0 | G6: 0 | H6: =IF(OR(D6="",D6=0),"",E6/D6) | I6: =IF(OR(E6="",E6=0),"",F6/E6) | J6: =IF(OR(D6="",D6=0),"",F6/D6*100) | L6: 0 | M6: 0 | N6: 0 | O6: 0 | P6: =IF(L6=0,"",(M6+N6+O6+G6*60)/(L6*60))
A7: 46286 | B7: Менеджер 2 | C7: =SUMIF('Лиды компании'!$A$2:$A$10000,A7,'Лиды компании'!$B$2:$B$10000) -> 36 | D7: 36 | E7: 10 | F7: 1 | G7: 1 | H7: =IF(OR(D7="",D7=0),"",E7/D7) -> 0.27777778 | I7: =IF(OR(E7="",E7=0),"",F7/E7) -> 0.1 | J7: =IF(OR(D7="",D7=0),"",F7/D7*100) -> 2.7777778 | L7: 8 | M7: 10 | N7: 38 | O7: 60 | P7: =IF(L7=0,"",(M7+N7+O7+G7*60)/(L7*60)) -> 0.35
A8: 46287 | B8: Менеджер 2 | C8: =SUMIF('Лиды компании'!$A$2:$A$10000,A8,'Лиды компании'!$B$2:$B$10000) -> 32 | D8: 15 | E8: 10 | F8: 1 | G8: 1 | H8: =IF(OR(D8="",D8=0),"",E8/D8) -> 0.66666667 | I8: =IF(OR(E8="",E8=0),"",F8/E8) -> 0.1 | J8: =IF(OR(D8="",D8=0),"",F8/D8*100) -> 6.6666667 | L8: 8 | M8: 10 | N8: 46 | O8: 60 | P8: =IF(L8=0,"",(M8+N8+O8+G8*60)/(L8*60)) -> 0.36666667
A9: 46288 | B9: Менеджер 2 | C9: =SUMIF('Лиды компании'!$A$2:$A$10000,A9,'Лиды компании'!$B$2:$B$10000) -> 42 | D9: 32 | E9: 12 | F9: 1 | G9: 0 | H9: =IF(OR(D9="",D9=0),"",E9/D9) -> 0.375 | I9: =IF(OR(E9="",E9=0),"",F9/E9) -> 0.083333333 | J9: =IF(OR(D9="",D9=0),"",F9/D9*100) -> 3.125 | L9: 8 | M9: 4 | N9: 46 | O9: 60 | P9: =IF(L9=0,"",(M9+N9+O9+G9*60)/(L9*60)) -> 0.22916667
A10: 46283 | B10: Менеджер 3 | C10: =SUMIF('Лиды компании'!$A$2:$A$10000,A10,'Лиды компании'!$B$2:$B$10000) -> 33 | H10: =IF(OR(D10="",D10=0),"",E10/D10) | I10: =IF(OR(E10="",E10=0),"",F10/E10) | J10: =IF(OR(D10="",D10=0),"",F10/D10*100) | K10: б/л | L10: 0 | M10: 0 | N10: 0 | O10: 0 | P10: =IF(L10=0,"",(M10+N10+O10+G10*60)/(L10*60))
A11: 46286 | B11: Менеджер 3 | C11: =SUMIF('Лиды компании'!$A$2:$A$10000,A11,'Лиды компании'!$B$2:$B$10000) -> 36 | H11: =IF(OR(D11="",D11=0),"",E11/D11) | I11: =IF(OR(E11="",E11=0),"",F11/E11) | J11: =IF(OR(D11="",D11=0),"",F11/D11*100) | K11: б/л | L11: 0 | M11: 0 | N11: 0 | O11: 0 | P11: =IF(L11=0,"",(M11+N11+O11+G11*60)/(L11*60))
A12: 46287 | B12: Менеджер 3 | C12: =SUMIF('Лиды компании'!$A$2:$A$10000,A12,'Лиды компании'!$B$2:$B$10000) -> 32 | H12: =IF(OR(D12="",D12=0),"",E12/D12) | I12: =IF(OR(E12="",E12=0),"",F12/E12) | J12: =IF(OR(D12="",D12=0),"",F12/D12*100) | K12: б/л | L12: 0 | M12: 0 | N12: 0 | O12: 0 | P12: =IF(L12=0,"",(M12+N12+O12+G12*60)/(L12*60))
A13: 46288 | B13: Менеджер 3 | C13: =SUMIF('Лиды компании'!$A$2:$A$10000,A13,'Лиды компании'!$B$2:$B$10000) -> 42 | D13: 31 | E13: 8 | F13: 2 | G13: 1 | H13: =IF(OR(D13="",D13=0),"",E13/D13) -> 0.25806452 | I13: =IF(OR(E13="",E13=0),"",F13/E13) -> 0.25 | J13: =IF(OR(D13="",D13=0),"",F13/D13*100) -> 6.4516129 | L13: 8 | M13: 0 | N13: 20 | O13: 60 | P13: =IF(L13=0,"",(M13+N13+O13+G13*60)/(L13*60)) -> 0.29166667
A14: 46289 | B14: Менеджер 1 | C14: =SUMIF('Лиды компании'!$A$2:$A$10000,A14,'Лиды компании'!$B$2:$B$10000) -> 33 | D14: 46 | E14: 10 | F14: 1 | G14: 1 | H14: =IF(OR(D14="",D14=0),"",E14/D14) -> 0.2173913 | I14: =IF(OR(E14="",E14=0),"",F14/E14) -> 0.1 | J14: =IF(OR(D14="",D14=0),"",F14/D14*100) -> 2.173913 | L14: 8 | M14: 0 | N14: 23 | O14: 40 | P14: =IF(L14=0,"",(M14+N14+O14+G14*60)/(L14*60)) -> 0.25625
A15: 46289 | B15: Менеджер 2 | C15: =SUMIF('Лиды компании'!$A$2:$A$10000,A15,'Лиды компании'!$B$2:$B$10000) -> 33 | D15: 8 | E15: 6 | F15: 1 | G15: 0 | H15: =IF(OR(D15="",D15=0),"",E15/D15) -> 0.75 | I15: =IF(OR(E15="",E15=0),"",F15/E15) -> 0.16666667 | J15: =IF(OR(D15="",D15=0),"",F15/D15*100) -> 12.5 | L15: 8 | M15: 9 | N15: 37 | O15: 40 | P15: =IF(L15=0,"",(M15+N15+O15+G15*60)/(L15*60)) -> 0.17916667
A16: 46289 | B16: Менеджер 3 | C16: =SUMIF('Лиды компании'!$A$2:$A$10000,A16,'Лиды компании'!$B$2:$B$10000) -> 33 | D16: 45 | E16: 8 | F16: 1 | G16: 0 | H16: =IF(OR(D16="",D16=0),"",E16/D16) -> 0.17777778 | I16: =IF(OR(E16="",E16=0),"",F16/E16) -> 0.125 | J16: =IF(OR(D16="",D16=0),"",F16/D16*100) -> 2.2222222 | L16: 8 | M16: 0 | N16: 19 | O16: 40 | P16: =IF(L16=0,"",(M16+N16+O16+G16*60)/(L16*60)) -> 0.12291667
A17: 46290 | B17: Менеджер 1 | C17: =SUMIF('Лиды компании'!$A$2:$A$10000,A17,'Лиды компании'!$B$2:$B$10000) -> 15 | D17: 10 | E17: 5 | F17: 2 | G17: 1 | H17: =IF(OR(D17="",D17=0),"",E17/D17) -> 0.5 | I17: =IF(OR(E17="",E17=0),"",F17/E17) -> 0.4 | J17: =IF(OR(D17="",D17=0),"",F17/D17*100) -> 20 | L17: 8 | M17: 10 | N17: 20 | O17: 30 | P17: =IF(L17=0,"",(M17+N17+O17+G17*60)/(L17*60)) -> 0.25
A18: 46290 | B18: Менеджер 2 | C18: =SUMIF('Лиды компании'!$A$2:$A$10000,A18,'Лиды компании'!$B$2:$B$10000) -> 15 | D18: 20 | E18: 15 | F18: 3 | G18: 1 | H18: =IF(OR(D18="",D18=0),"",E18/D18) -> 0.75 | I18: =IF(OR(E18="",E18=0),"",F18/E18) -> 0.2 | J18: =IF(OR(D18="",D18=0),"",F18/D18*100) -> 15 | L18: 8 | M18: 15 | N18: 50 | O18: 30 | P18: =IF(L18=0,"",(M18+N18+O18+G18*60)/(L18*60)) -> 0.32291667
A19: 46290 | B19: Менеджер 3 | C19: =SUMIF('Лиды компании'!$A$2:$A$10000,A19,'Лиды компании'!$B$2:$B$10000) -> 15 | D19: 30 | E19: 25 | F19: 2 | G19: 1 | H19: =IF(OR(D19="",D19=0),"",E19/D19) -> 0.83333333 | I19: =IF(OR(E19="",E19=0),"",F19/E19) -> 0.08 | J19: =IF(OR(D19="",D19=0),"",F19/D19*100) -> 6.6666667 | L19: 8 | M19: 25 | N19: 60 | O19: 30 | P19: =IF(L19=0,"",(M19+N19+O19+G19*60)/(L19*60)) -> 0.36458333
U22: Дата | V22: Диалоги от 40 сек | W22: Назначено встреч
U23: =A2 -> 46283 | V23: =SUMIF($A$2:$A$19,$A2,$E$2:$E$19) -> 3 | W23: =SUMIF($A$2:$A$19,$U23,$F$2:$F$19) -> 1
U24: =A3 -> 46286 | V24: =SUMIF($A$2:$A$19,$A3,$E$2:$E$19) -> 21 | W24: =SUMIF($A$2:$A$19,$U24,$F$2:$F$19) -> 4
U25: =A4 -> 46287 | V25: =SUMIF($A$2:$A$19,$A4,$E$2:$E$19) -> 17 | W25: =SUMIF($A$2:$A$19,$U25,$F$2:$F$19) -> 2
U26: =A5 -> 46288 | V26: =SUMIF($A$2:$A$19,$A5,$E$2:$E$19) -> 27 | W26: =SUMIF($A$2:$A$19,$U26,$F$2:$F$19) -> 4

Sheet Сводка
A1: ="Загруженность менеджеров за "&TEXT(E9,"ДД.ММ.ГГГГ")&" — "&TEXT(E10,"ДД.ММ.ГГГГ") -> Загруженность менеджеров за 25.09.2026 — 25.09.2026
A2: Менеджер | B2: Входящие, мин | C2: Исходящие, мин | D2: Проведено встреч | E2: Время встреч, мин | F2: Планерки | G2: Учтённое время, мин (оценка) | H2: Отработано часов | I2: Оценочная загрузка, %
A3: Менеджер 1 | B3: =SUMIFS(Исходники!$M$2:$M$10000,Исходники!$B$2:$B$10000,$A3,Исходники!$A$2:$A$10000,">="&$E$9,Исходники!$A$2:$A$10000,"<"&($E$10+1)) -> 10 | C3: =SUMIFS(Исходники!$N$2:$N$10000,Исходники!$B$2:$B$10000,$A3,Исходники!$A$2:$A$10000,">="&$E$9,Исходники!$A$2:$A$10000,"<"&($E$10+1)) -> 20 | D3: =SUMIFS(Исходники!$G$2:$G$10000,Исходники!$B$2:$B$10000,$A3,Исходники!$A$2:$A$10000,">="&$E$9,Исходники!$A$2:$A$10000,"<"&($E$10+1)) -> 1 | E3: =D3*60 -> 60 | F3: =SUMIFS(Исходники!$O$2:$O$10000,Исходники!$B$2:$B$10000,$A3,Исходники!$A$2:$A$10000,">="&$E$9,Исходники!$A$2:$A$10000,"<"&($E$10+1)) -> 30 | G3: =SUM(B3:C3,E3:F3) -> 120 | H3: =SUMIFS(Исходники!$L$2:$L$10000,Исходники!$B$2:$B$10000,$A3,Исходники!$A$2:$A$10000,">="&$E$9,Исходники!$A$2:$A$10000,"<"&($E$10+1)) -> 8 | I3: =IF(H3=0,"",G3/(H3*60)) -> 0.25
A4: Менеджер 2 | B4: =SUMIFS(Исходники!$M$2:$M$10000,Исходники!$B$2:$B$10000,$A4,Исходники!$A$2:$A$10000,">="&$E$9,Исходники!$A$2:$A$10000,"<"&($E$10+1)) -> 15 | C4: =SUMIFS(Исходники!$N$2:$N$10000,Исходники!$B$2:$B$10000,$A4,Исходники!$A$2:$A$10000,">="&$E$9,Исходники!$A$2:$A$10000,"<"&($E$10+1)) -> 50 | D4: =SUMIFS(Исходники!$G$2:$G$10000,Исходники!$B$2:$B$10000,$A4,Исходники!$A$2:$A$10000,">="&$E$9,Исходники!$A$2:$A$10000,"<"&($E$10+1)) -> 1 | E4: =D4*60 -> 60 | F4: =SUMIFS(Исходники!$O$2:$O$10000,Исходники!$B$2:$B$10000,$A4,Исходники!$A$2:$A$10000,">="&$E$9,Исходники!$A$2:$A$10000,"<"&($E$10+1)) -> 30 | G4: =SUM(B4:C4,E4:F4) -> 155 | H4: =SUMIFS(Исходники!$L$2:$L$10000,Исходники!$B$2:$B$10000,$A4,Исходники!$A$2:$A$10000,">="&$E$9,Исходники!$A$2:$A$10000,"<"&($E$10+1)) -> 8 | I4: =IF(H4=0,"",G4/(H4*60)) -> 0.32291667
A5: Менеджер 3 | B5: =SUMIFS(Исходники!$M$2:$M$10000,Исходники!$B$2:$B$10000,$A5,Исходники!$A$2:$A$10000,">="&$E$9,Исходники!$A$2:$A$10000,"<"&($E$10+1)) -> 25 | C5: =SUMIFS(Исходники!$N$2:$N$10000,Исходники!$B$2:$B$10000,$A5,Исходники!$A$2:$A$10000,">="&$E$9,Исходники!$A$2:$A$10000,"<"&($E$10+1)) -> 60 | D5: =SUMIFS(Исходники!$G$2:$G$10000,Исходники!$B$2:$B$10000,$A5,Исходники!$A$2:$A$10000,">="&$E$9,Исходники!$A$2:$A$10000,"<"&($E$10+1)) -> 1 | E5: =D5*60 -> 60 | F5: =SUMIFS(Исходники!$O$2:$O$10000,Исходники!$B$2:$B$10000,$A5,Исходники!$A$2:$A$10000,">="&$E$9,Исходники!$A$2:$A$10000,"<"&($E$10+1)) -> 30 | G5: =SUM(B5:C5,E5:F5) -> 175 | H5: =SUMIFS(Исходники!$L$2:$L$10000,Исходники!$B$2:$B$10000,$A5,Исходники!$A$2:$A$10000,">="&$E$9,Исходники!$A$2:$A$10000,"<"&($E$10+1)) -> 8 | I5: =IF(H5=0,"",G5/(H5*60)) -> 0.36458333
A7: Учтены фактические минуты звонков и планёрок. Время встреч оценено по 60 минут за встречу. Работа в CRM, переписка и другие задачи не включены.
A9: Показатель | B9: План на менеджера, день | D9: Начало периода | E9: 46290
A10: Наборы | B10: 60 | D10: Конец периода | E10: 46290
A11: Диалоги от 30 секунд | B11: 30
A12: Назначенные встречи | B12: 3
A13: Проведённые встречи | B13: 1
A15: Менеджер | B15: Рабочих днем, кол-во | C15: План наборов | D15: План диалогов от 30 сек | E15: План по назначенным встречам | F15: План по проведенным встречам | G15: Факт наборов | H15: Факт диалогов от 30 сек | I15: Факт назначенных встреч | J15: Факт проведенных встреч | K15: Выполнения плана по наборам, % | L15: Выполнения плана по диалогам, % | M15: Выполнения плана по назначенным встречам, % | N15: Выполнения плана по проведенным встречам, %
A16: =Исходники!B2 -> Менеджер 1 | B16: =SUMIFS(Исходники!$L$2:$L$10000,Исходники!$B$2:$B$10000,$A16,Исходники!$A$2:$A$10000,">="&$E$9,Исходники!$A$2:$A$10000,"<"&($E$10+1))/8 -> 1 | C16: =$B$10*B16 -> 60 | D16: =$B$11*B16 -> 30 | E16: =$B$12*B16 -> 3 | F16: =$B$13*B16 -> 1 | G16: =SUMIFS(Исходники!$D$2:$D$10000,Исходники!$B$2:$B$10000,$A16,Исходники!$A$2:$A$10000,">="&$E$9,Исходники!$A$2:$A$10000,"<"&($E$10+1)) -> 10 | H16: =SUMIFS(Исходники!$E$2:$E$10000,Исходники!$B$2:$B$10000,$A16,Исходники!$A$2:$A$10000,">="&$E$9,Исходники!$A$2:$A$10000,"<"&($E$10+1)) -> 5 | I16: =SUMIFS(Исходники!$F$2:$F$10000,Исходники!$B$2:$B$10000,$A16,Исходники!$A$2:$A$10000,">="&$E$9,Исходники!$A$2:$A$10000,"<"&($E$10+1)) -> 2 | J16: =SUMIFS(Исходники!$G$2:$G$10000,Исходники!$B$2:$B$10000,$A16,Исходники!$A$2:$A$10000,">="&$E$9,Исходники!$A$2:$A$10000,"<"&($E$10+1)) -> 1 | K16: =IF(C16=0,"",G16/C16) -> 0.16666667 | L16: =IF(D16=0,"",H16/D16) -> 0.16666667 | M16: =IF(E16=0,"",I16/E16) -> 0.66666667 | N16: =IF(F16=0,"",J16/F16) -> 1
A17: Менеджер 2 | B17: =SUMIFS(Исходники!$L$2:$L$10000,Исходники!$B$2:$B$10000,$A17,Исходники!$A$2:$A$10000,">="&$E$9,Исходники!$A$2:$A$10000,"<"&($E$10+1))/8 -> 1 | C17: =$B$10*B17 -> 60 | D17: =$B$11*B17 -> 30 | E17: =$B$12*B17 -> 3 | F17: =$B$13*B17 -> 1 | G17: =SUMIFS(Исходники!$D$2:$D$10000,Исходники!$B$2:$B$10000,$A17,Исходники!$A$2:$A$10000,">="&$E$9,Исходники!$A$2:$A$10000,"<"&($E$10+1)) -> 20 | H17: =SUMIFS(Исходники!$E$2:$E$10000,Исходники!$B$2:$B$10000,$A17,Исходники!$A$2:$A$10000,">="&$E$9,Исходники!$A$2:$A$10000,"<"&($E$10+1)) -> 15 | I17: =SUMIFS(Исходники!$F$2:$F$10000,Исходники!$B$2:$B$10000,$A17,Исходники!$A$2:$A$10000,">="&$E$9,Исходники!$A$2:$A$10000,"<"&($E$10+1)) -> 3 | J17: =SUMIFS(Исходники!$G$2:$G$10000,Исходники!$B$2:$B$10000,$A17,Исходники!$A$2:$A$10000,">="&$E$9,Исходники!$A$2:$A$10000,"<"&($E$10+1)) -> 1 | K17: =IF(C17=0,"",G17/C17) -> 0.33333333 | L17: =IF(D17=0,"",H17/D17) -> 0.5 | M17: =IF(E17=0,"",I17/E17) -> 1 | N17: =IF(F17=0,"",J17/F17) -> 1
A18: =Исходники!B13 -> Менеджер 3 | B18: =SUMIFS(Исходники!$L$2:$L$10000,Исходники!$B$2:$B$10000,$A18,Исходники!$A$2:$A$10000,">="&$E$9,Исходники!$A$2:$A$10000,"<"&($E$10+1))/8 -> 1 | C18: =$B$10*B18 -> 60 | D18: =$B$11*B18 -> 30 | E18: =$B$12*B18 -> 3 | F18: =$B$13*B18 -> 1 | G18: =SUMIFS(Исходники!$D$2:$D$10000,Исходники!$B$2:$B$10000,$A18,Исходники!$A$2:$A$10000,">="&$E$9,Исходники!$A$2:$A$10000,"<"&($E$10+1)) -> 30 | H18: =SUMIFS(Исходники!$E$2:$E$10000,Исходники!$B$2:$B$10000,$A18,Исходники!$A$2:$A$10000,">="&$E$9,Исходники!$A$2:$A$10000,"<"&($E$10+1)) -> 25 | I18: =SUMIFS(Исходники!$F$2:$F$10000,Исходники!$B$2:$B$10000,$A18,Исходники!$A$2:$A$10000,">="&$E$9,Исходники!$A$2:$A$10000,"<"&($E$10+1)) -> 2 | J18: =SUMIFS(Исходники!$G$2:$G$10000,Исходники!$B$2:$B$10000,$A18,Исходники!$A$2:$A$10000,">="&$E$9,Исходники!$A$2:$A$10000,"<"&($E$10+1)) -> 1 | K18: =IF(C18=0,"",G18/C18) -> 0.5 | L18: =IF(D18=0,"",H18/D18) -> 0.83333333 | M18: =IF(E18=0,"",I18/E18) -> 0.66666667 | N18: =IF(F18=0,"",J18/F18) -> 1
A19: Итого | B19: =SUM(B16:B18) -> 3 | C19: =SUM(C16:C18) -> 180 | D19: =SUM(D16:D18) -> 90 | E19: =SUM(E16:E18) -> 9 | F19: =SUM(F16:F18) -> 3 | G19: =SUM(G16:G18) -> 60 | H19: =SUM(H16:H18) -> 45 | I19: =SUM(I16:I18) -> 7 | J19: =SUM(J16:J18) -> 3 | K19: =IF(C19=0,"",G19/C19) -> 0.33333333 | L19: =IF(D19=0,"",H19/D19) -> 0.5 | M19: =IF(E19=0,"",I19/E19) -> 0.77777778 | N19: =IF(F19=0,"",J19/F19) -> 1
A994: Менеджер | B994: Наборы | C994: Диалоги | D994: Назначенные встречи | E994: Проведенные встречи | F994: Конверсия набора в диалог, % | G994: Конверсия диалога во встречу, % | H994: Назначено встерч на 100 наборов
A995: =A16 -> Менеджер 1 | B995: =SUMIF(Исходники!$B$2:$B$1000,A995,Исходники!$D$2:$D$1000) -> 205 | C995: =SUMIF(Исходники!$B$2:$B$1000,A995,Исходники!$E$2:$E$1000) -> 43 | D995: =SUMIF(Исходники!$B$2:$B$1000,A995,Исходники!$F$2:$F$1000) -> 9 | E995: =SUMIF(Исходники!$B$2:$B$1000,A995,Исходники!$G$2:$G$1000) -> 5 | F995: =IFERROR(C995/B995,0) -> 0.2097561 | G995: =IFERROR(D995/C995,0) -> 0.20930233 | H995: =IFERROR(D995/B995*100,0) -> 4.3902439
A996: =A17 -> Менеджер 2 | B996: =SUMIF(Исходники!$B$2:$B$1000,A996,Исходники!$D$2:$D$1000) -> 111 | C996: =SUMIF(Исходники!$B$2:$B$1000,A996,Исходники!$E$2:$E$1000) -> 53 | D996: =SUMIF(Исходники!$B$2:$B$1000,A996,Исходники!$F$2:$F$1000) -> 7 | E996: =SUMIF(Исходники!$B$2:$B$1000,A996,Исходники!$G$2:$G$1000) -> 3 | F996: =IFERROR(C996/B996,0) -> 0.47747748 | G996: =IFERROR(D996/C996,0) -> 0.13207547 | H996: =IFERROR(D996/B996*100,0) -> 6.3063063
A997: =A18 -> Менеджер 3 | B997: =SUMIF(Исходники!$B$2:$B$1000,A997,Исходники!$D$2:$D$1000) -> 106 | C997: =SUMIF(Исходники!$B$2:$B$1000,A997,Исходники!$E$2:$E$1000) -> 41 | D997: =SUMIF(Исходники!$B$2:$B$1000,A997,Исходники!$F$2:$F$1000) -> 5 | E997: =SUMIF(Исходники!$B$2:$B$1000,A997,Исходники!$G$2:$G$1000) -> 2 | F997: =IFERROR(C997/B997,0) -> 0.38679245 | G997: =IFERROR(D997/C997,0) -> 0.12195122 | H997: =IFERROR(D997/B997*100,0) -> 4.7169811

Sheet Динамика отдела
A1: Дата | B1: Новые лиды | C1: Наборы отдела | D1: Диалоги от 30 сек | E1: Назначено встреч | F1: Проведено встреч
A2: За выбранный период | B2: =SUMIFS('Лиды компании'!$B$2:$B$10000,'Лиды компании'!$A$2:$A$10000,">="&Сводка!$E$9,'Лиды компании'!$A$2:$A$10000,"<"&(Сводка!$E$10+1)) -> 15 | C2: =Сводка!G19 -> 60 | D2: =Сводка!H19 -> 45 | E2: =Сводка!I19 -> 7 | F2: =Сводка!J19 -> 3
A3: {=_xlfn._xlws.SORT(_xlfn.UNIQUE(_xlfn._xlws.FILTER('Лиды компании'!$A$2:$A$10000,('Лиды компании'!$A$2:$A$10000>=Сводка!$E$9)*('Лиды компании'!$A$2:$A$10000<Сводка!$E$10+1)*('Лиды компании'!$A$2:$A$10000<>""),"")))} -> 46290 | B3: {=IF(_xlfn.ANCHORARRAY(A3)="","",SUMIF('Лиды компании'!$A$2:$A$10000,_xlfn.ANCHORARRAY(A3),'Лиды компании'!$B$2:$B$10000))} -> 15 | C3: {=IF(_xlfn.ANCHORARRAY(A3)="","",SUMIF(Исходники!$A$2:$A$10000,_xlfn.ANCHORARRAY(A3),Исходники!$D$2:$D$10000))} -> 60 | D3: {=IF(_xlfn.ANCHORARRAY(A3)="","",SUMIF(Исходники!$A$2:$A$10000,_xlfn.ANCHORARRAY(A3),Исходники!$E$2:$E$10000))} -> 45 | E3: {=IF(_xlfn.ANCHORARRAY(A3)="","",SUMIF(Исходники!$A$2:$A$10000,_xlfn.ANCHORARRAY(A3),Исходники!$F$2:$F$10000))} -> 7 | F3: {=IF(_xlfn.ANCHORARRAY(A3)="","",SUMIF(Исходники!$A$2:$A$10000,_xlfn.ANCHORARRAY(A3),Исходники!$G$2:$G$10000))} -> 3

Sheet Данные диаграмм
A1: Дата | B1: Диалоги от 30 секунд | C1: Назначенные встречи | D1: Проведенные встречи | E1: План диалогов | F1: План назначенных | G1: План проведенных
A2: {=_xlfn._xlws.SORT(_xlfn.UNIQUE(_xlfn._xlws.FILTER(Исходники!$A$2:$A$10000,(Исходники!$A$2:$A$10000>=Сводка!$E$9)*(Исходники!$A$2:$A$10000<Сводка!$E$10+1)*(Исходники!$A$2:$A$10000<>""),"")))} -> 46290 | B2: {=SUMIFS(Исходники!$E$2:$E$10000,Исходники!$A$2:$A$10000,">="&_xlfn.ANCHORARRAY(A2),Исходники!$A$2:$A$10000,"<"&(_xlfn.ANCHORARRAY(A2)+1))} -> 45 | C2: {=SUMIFS(Исходники!$F$2:$F$10000,Исходники!$A$2:$A$10000,">="&_xlfn.ANCHORARRAY(A2),Исходники!$A$2:$A$10000,"<"&(_xlfn.ANCHORARRAY(A2)+1))} -> 7 | D2: {=SUMIFS(Исходники!$G$2:$G$10000,Исходники!$A$2:$A$10000,">="&_xlfn.ANCHORARRAY(A2),Исходники!$A$2:$A$10000,"<"&(_xlfn.ANCHORARRAY(A2)+1))} -> 3 | E2: {=SUMIFS(Исходники!$L$2:$L$10000,Исходники!$A$2:$A$10000,">="&_xlfn.ANCHORARRAY(A2),Исходники!$A$2:$A$10000,"<"&(_xlfn.ANCHORARRAY(A2)+1))/8*Сводка!$B$11} -> 90 | F2: {=SUMIFS(Исходники!$L$2:$L$10000,Исходники!$A$2:$A$10000,">="&_xlfn.ANCHORARRAY(A2),Исходники!$A$2:$A$10000,"<"&(_xlfn.ANCHORARRAY(A2)+1))/8*Сводка!$B$12} -> 9 | G2: {=SUMIFS(Исходники!$L$2:$L$10000,Исходники!$A$2:$A$10000,">="&_xlfn.ANCHORARRAY(A2),Исходники!$A$2:$A$10000,"<"&(_xlfn.ANCHORARRAY(A2)+1))/8*Сводка!$B$13} -> 3

Sheet Лиды компании
A1: Дата | B1: Новые лиды
A2: 46283 | B2: 33
A3: 46286 | B3: 36
A4: 46287 | B4: 32
A5: 46288 | B5: 42
A6: 46289 | B6: 33
A7: 46290 | B7: 15
